{"load_MW": {"1": [97.34642526315788, 110.21835789473684, 113.81286315789472, 112.70103157894737, 110.00986105263158, 104.76564631578948, 96.93435789473683, 92.61378947368421, 85.28725894736841, 79.67944421052631, 74.99277473684211, 72.49824, 73.20630315789474, 78.64506947368422, 90.14449263157894, 97.36711578947367, 103.25880000000001, 107.44313684210526, 109.77616421052633, 110.3066147368421, 109.93266947368421, 108.79465263157893, 106.94857263157894, 104.51065263157895], "2": [87.43151157894737, 98.99241403508772, 102.22081228070175, 101.22222280701753, 98.80515298245614, 94.09507122807017, 87.06141403508771, 83.18090350877192, 76.60059368421052, 71.56394526315789, 67.35462175438597, 65.11416, 65.75010561403509, 70.63492350877195, 80.96310912280703, 87.4500947368421, 92.74170000000001, 96.4998543859649, 98.59525859649123, 99.07168175438596, 98.73582350877193, 97.71371578947367, 96.05566245614034, 93.86604912280701], "3": [162.24404210526316, 183.69726315789475, 189.6881052631579, 187.83505263157895, 183.34976842105263, 174.6094105263158, 161.5572631578947, 154.35631578947368, 142.14543157894735, 132.79907368421053, 124.98795789473684, 120.83039999999998, 122.0105052631579, 131.0751157894737, 150.2408210526316, 162.27852631578946, 172.098, 179.0718947368421, 182.96027368421053, 183.84435789473685, 183.2211157894737, 181.32442105263158, 178.24762105263156, 174.1844210526316], "4": [66.70032842105263, 75.51998596491228, 77.98288771929825, 77.22107719298245, 75.37712701754386, 71.78386877192982, 66.41798596491228, 63.45759649122807, 58.43756631578947, 54.595174736842104, 51.38393824561404, 49.67471999999999, 50.15987438596491, 53.886436491228075, 61.76567087719299, 66.71450526315789, 70.7514, 73.61844561403508, 75.21700140350877, 75.58045824561404, 75.32423649122808, 74.54448421052632, 73.27957754385965, 71.60915087719299], "5": [63.99626105263158, 72.4583649122807, 74.82141929824562, 74.09049298245614, 72.32129754385966, 68.87371192982457, 63.725364912280696, 60.88499122807018, 56.06847578947368, 52.38185684210527, 49.30080561403509, 47.66088, 48.12636596491228, 51.70185122807018, 59.261657192982454, 64.00986315789473, 67.88310000000001, 70.63391403508771, 72.16766350877194, 72.5163856140351, 72.27055122807019, 71.52241052631578, 70.30878385964911, 68.70607719298246], "6": [122.58438736842106, 138.79348771929824, 143.31990175438597, 141.91981754385964, 138.5309361403509, 131.92711017543857, 122.06548771929823, 116.62477192982455, 107.39877052631579, 100.33707789473685, 94.43534596491229, 91.29408, 92.1857150877193, 99.03453192982457, 113.51528701754387, 122.61044210526316, 130.02960000000002, 135.2987649122807, 138.23665122807017, 138.90462596491227, 138.43373192982457, 137.0006736842105, 134.67598035087718, 131.60600701754385], "7": [112.66947368421053, 127.56754385964912, 131.727850877193, 130.44100877192983, 127.32622807017543, 121.2565350877193, 112.19254385964912, 107.19188596491227, 98.7121052631579, 92.22157894736841, 86.79719298245614, 83.91, 84.72951754385964, 91.02438596491228, 104.33390350877193, 112.69342105263158, 119.5125, 124.35548245614035, 127.05574561403509, 127.66969298245614, 127.23688596491228, 125.91973684210527, 123.7830701754386, 120.96140350877192], "8": [154.13184, 174.51239999999999, 180.2037, 178.4433, 174.18228000000002, 165.87894, 153.4794, 146.6385, 135.03816, 126.15912000000002, 118.73856, 114.78887999999999, 115.90998, 124.52136000000002, 142.72878000000003, 154.1646, 163.4931, 170.11829999999998, 173.81226, 174.65214, 174.06006000000002, 172.2582, 169.33524, 165.4752], "9": [157.73726315789474, 178.59456140350878, 184.41899122807018, 182.61741228070176, 178.25671929824563, 169.759149122807, 157.06956140350874, 150.0686403508772, 138.19694736842104, 129.1102105263158, 121.51607017543861, 117.47399999999999, 118.62132456140351, 127.43414035087721, 146.0674649122807, 157.7707894736842, 167.31750000000002, 174.0976754385965, 177.87804385964913, 178.7375701754386, 178.1316403508772, 176.28763157894736, 173.29629824561403, 169.3459649122807], "10": [175.7643789473684, 199.00536842105265, 205.49544736842105, 203.48797368421052, 198.6289157894737, 189.16019473684207, 175.0203684210526, 167.21934210526317, 153.99088421052633, 143.86566315789474, 135.4036210526316, 130.8996, 132.17804736842106, 141.99804210526318, 162.76088947368422, 175.80173684210524, 186.43950000000004, 193.99455263157893, 198.20696315789473, 199.1647210526316, 198.48954210526318, 196.4347894736842, 193.10158947368421, 188.6997894736842], "11": [0.0, 0.0, 0.0, 0.0, 0.0, 0.0, 0.0, 0.0, 0.0, 0.0, 0.0, 0.0, 0.0, 0.0, 0.0, 0.0, 0.0, 0.0, 0.0, 0.0, 0.0, 0.0, 0.0, 0.0], "12": [0.0, 0.0, 0.0, 0.0, 0.0, 0.0, 0.0, 0.0, 0.0, 0.0, 0.0, 0.0, 0.0, 0.0, 0.0, 0.0, 0.0, 0.0, 0.0, 0.0, 0.0, 0.0, 0.0, 0.0], "13": [238.8592842105263, 270.44319298245614, 279.26304385964914, 276.5349385964912, 269.9316035087719, 257.06385438596493, 237.84819298245614, 227.24679824561403, 209.26966315789474, 195.50974736842107, 184.01004912280703, 177.8892, 179.62657719298247, 192.97169824561408, 221.1878754385965, 238.9100526315789, 253.3665, 263.6336228070175, 269.3581807017544, 270.65974912280706, 269.742198245614, 266.94984210526314, 262.4201087719298, 256.4381754385965], "14": [174.86302315789473, 197.98482807017544, 204.4416245614035, 202.44444561403506, 197.61030596491227, 188.19014245614034, 174.12282807017542, 166.36180701754384, 153.20118736842105, 143.12789052631578, 134.70924350877195, 130.22832, 131.50021122807019, 141.2698470175439, 161.92621824561405, 174.9001894736842, 185.48340000000002, 192.9997087719298, 197.19051719298247, 198.14336350877193, 197.47164701754386, 195.42743157894733, 192.11132491228068, 187.73209824561403]}}
